32,0,XXSMqht4IBVnlJrx2u9KbKMrdZ8=,GyavxjfnKZYTBhS0Jm2rfEefSEY=
32,1,XXSMqht4IBVnlJrx2u9KbKMrdZ8=,wnWaI08/HZrfMTyG8vKP5YqfyFk=
32,2,XXSMqht4IBVnlJrx2u9KbKMrdZ8=,smnMnRVbzcLWgIIrDizkWqW2UZI=
32,3,XXSMqht4IBVnlJrx2u9KbKMrdZ8=,k85nhABu2Qc/iq+9jEw92iEWajk=
32,4,XXSMqht4IBVnlJrx2u9KbKMrdZ8=,GyavxjfnKZYTBhS0Jm2rfEefSEY=
32,5,XXSMqht4IBVnlJrx2u9KbKMrdZ8=,GyavxjfnKZYTBhS0Jm2rfEefSEY=
32,6,XXSMqht4IBVnlJrx2u9KbKMrdZ8=,GyavxjfnKZYTBhS0Jm2rfEefSEY=
32,7,XXSMqht4IBVnlJrx2u9KbKMrdZ8=,GyavxjfnKZYTBhS0Jm2rfEefSEY=
32,8,XXSMqht4IBVnlJrx2u9KbKMrdZ8=,ZMpa1esOLUszDONnyRCmOOi7ywY=
32,9,XXSMqht4IBVnlJrx2u9KbKMrdZ8=,ZMpa1esOLUszDONnyRCmOOi7ywY=
32,10,XXSMqht4IBVnlJrx2u9KbKMrdZ8=,ZMpa1esOLUszDONnyRCmOOi7ywY=
32,11,XXSMqht4IBVnlJrx2u9KbKMrdZ8=,ZMpa1esOLUszDONnyRCmOOi7ywY=
32,12,mKIS25OKozXy8uuMwE+jlmJdg+Q=,ZMpa1esOLUszDONnyRCmOOi7ywY=
32,15,mKIS25OKozXy8uuMwE+jlmJdg+Q=,ZMpa1esOLUszDONnyRCmOOi7ywY=
32,16,mKIS25OKozXy8uuMwE+jlmJdg+Q=,cIvEBBarHIlwUnCtlkaLtdCfaAs=
